Date,test_actual,test_forecast
2025-01-16,228.25999450683597,179.10924
2025-01-17,229.97999572753903,189.71776
2025-01-21,222.63999938964844,198.39363
2025-01-22,223.8300018310547,203.21693
2025-01-23,223.66000366210935,207.06879
2025-01-24,222.77999877929688,209.86604
2025-01-27,229.8600006103516,211.5295
2025-01-28,238.25999450683597,214.64041
2025-01-29,239.3600006103516,219.14816
2025-01-30,237.58999633789065,222.84698
2025-01-31,236.0,224.74216
2025-02-03,228.00999450683597,225.1528
2025-02-04,232.8000030517578,219.74681
2025-02-05,232.47000122070312,221.54309
2025-02-06,233.22000122070312,222.45348
2025-02-07,227.6300048828125,223.20337
2025-02-10,227.6499938964844,220.07896
2025-02-11,232.6199951171875,219.2699
2025-02-12,236.8699951171875,221.84325
2025-02-13,241.52999877929688,224.76688
2025-02-14,244.6000061035156,227.77942
2025-02-18,244.47000122070312,230.65866
2025-02-19,244.8699951171875,232.67921
2025-02-20,245.8300018310547,233.83832
2025-02-21,245.5500030517578,234.89894
2025-02-24,247.1000061035156,235.37946
2025-02-25,247.0399932861328,236.45505
2025-02-26,240.3600006103516,237.05188
2025-02-27,237.3000030517578,233.12558
2025-02-28,241.83999633789065,229.71233
2025-03-03,238.02999877929688,232.09538
2025-03-04,235.92999267578125,231.4548
2025-03-05,235.7400054931641,229.47113
2025-03-06,235.3300018310547,228.84145
2025-03-07,239.07000732421875,228.49092
2025-03-10,227.47999572753903,230.04993
2025-03-11,220.83999633789065,223.15138
2025-03-12,216.97999572753903,215.98288
2025-03-13,209.67999267578125,211.8227
2025-03-14,213.4900054931641,206.31378
2025-03-17,214.0,207.63388
2025-03-18,212.69000244140625,208.7098
2025-03-19,215.2400054931641,208.20744
2025-03-20,214.1000061035156,208.75961
2025-03-21,218.2700042724609,208.3499
2025-03-24,220.72999572753903,209.4691
2025-03-25,223.75,210.78587
2025-03-26,221.52999877929688,212.4241
2025-03-27,223.8500061035156,212.73691
2025-03-28,217.8999938964844,213.81535
2025-03-31,222.1300048828125,210.82881
2025-04-01,223.19000244140625,212.11166
2025-04-02,223.88999938964844,213.2545
2025-04-03,203.19000244140625,214.07239
2025-04-04,188.3800048828125,200.56062
2025-04-07,181.4600067138672,185.53981
2025-04-08,172.4199981689453,178.01543
2025-04-09,198.8500061035156,171.82516
2025-04-10,190.4199981689453,182.41422
2025-04-11,198.1499938964844,185.28223
2025-04-14,202.5200042724609,187.93501
2025-04-15,202.13999938964844,190.52963
2025-04-16,194.2700042724609,192.26842
2025-04-17,196.97999572753903,190.33589
2025-04-21,193.16000366210935,190.79674
2025-04-22,199.7400054931641,188.2747
2025-04-23,204.6000061035156,190.47238
2025-04-24,208.3699951171875,192.87611
2025-04-25,209.27999877929688,195.43422
2025-04-28,210.13999938964844,197.52432
2025-04-29,211.2100067138672,199.27713
2025-04-30,212.5,200.8117
2025-05-01,213.32000732421875,202.23625
2025-05-02,205.3500061035156,203.34543
2025-05-05,198.88999938964844,198.8967
2025-05-06,198.50999450683597,192.54572
2025-05-07,196.25,190.65244
2025-05-08,197.4900054931641,189.54147
2025-05-09,198.52999877929688,190.42793
2025-05-12,210.7899932861328,191.70552
2025-05-13,212.92999267578125,195.40904
2025-05-14,212.3300018310547,198.49742
2025-05-15,211.4499969482422,200.62296
2025-05-16,211.25999450683597,201.9641
2025-05-19,208.77999877929688,202.74973
2025-05-20,206.8600006103516,201.5371
2025-05-21,202.08999633789065,199.4849
2025-05-22,201.3600006103516,195.532
2025-05-23,195.2700042724609,193.86037
2025-05-27,200.2100067138672,189.70747
2025-05-28,200.4199981689453,191.89595
2025-05-29,199.9499969482422,193.25502
2025-05-30,200.8500061035156,193.55582
2025-06-02,201.6999969482422,194.05904
2025-06-03,203.2700042724609,194.60313
2025-06-04,202.82000732421875,195.47626
2025-06-05,200.6300048828125,195.69258
2025-06-06,203.9199981689453,194.09506
2025-06-09,201.4499969482422,195.41362
2025-06-10,202.6699981689453,194.58531
2025-06-11,198.77999877929688,194.9833
2025-06-12,199.1999969482422,192.54002
2025-06-13,196.4499969482422,191.85596
2025-06-16,198.4199981689453,190.01541
2025-06-17,195.63999938964844,190.78519
2025-06-18,196.5800018310547,189.49101
2025-06-20,201.0,189.62593
2025-06-23,201.5,191.7299
2025-06-24,200.3000030517578,193.12462
2025-06-25,201.55999755859372,193.5031
2025-06-26,201.0,194.13293
2025-06-27,201.0800018310547,193.94809
2025-06-30,205.1699981689453,193.78476
2025-07-01,207.82000732421875,195.52185
2025-07-02,212.44000244140625,197.2728
2025-07-03,213.5500030517578,199.5991
2025-07-07,209.9499969482422,201.62973
2025-07-08,210.00999450683597,201.92012
2025-07-09,211.13999938964844,201.81175
2025-07-10,212.41000366210935,202.36713
2025-07-11,211.16000366210935,203.20906
2025-07-14,208.6199951171875,202.84868
2025-07-15,209.1100006103516,200.88011
2025-07-16,210.16000366210935,200.61374
2025-07-17,210.0200042724609,201.51335
2025-07-18,211.17999267578125,201.86179
2025-07-21,212.47999572753903,202.57361
2025-07-22,214.3999938964844,203.482
2025-07-23,214.1499938964844,204.74599
2025-07-24,213.75999450683597,205.30484
2025-07-25,213.8800048828125,205.4014
2025-07-28,214.0500030517578,205.4058
2025-07-29,211.2700042724609,205.49332
2025-07-30,209.0500030517578,203.59854
2025-07-31,207.57000732421875,201.43866
2025-08-01,202.3800048828125,199.92397
2025-08-04,203.3500061035156,196.17372
2025-08-05,202.9199981689453,195.80978
2025-08-06,213.25,195.9069
2025-08-07,220.02999877929688,199.53238
2025-08-08,229.3500061035156,203.42177
2025-08-11,227.17999267578125,208.53566
2025-08-12,229.6499938964844,211.85815
2025-08-13,233.3300018310547,214.91422
2025-08-14,232.77999877929688,218.1383
2025-08-15,231.58999633789065,220.36925
2025-08-18,230.88999938964844,221.17485
2025-08-19,230.55999755859372,221.07785
2025-08-20,226.00999450683597,220.68896
2025-08-21,224.8999938964844,217.45065
2025-08-22,227.75999450683597,215.91391
2025-08-25,227.16000366210935,217.62872
2025-08-26,229.30999755859372,218.19576
2025-08-27,230.4900054931641,219.32559
2025-08-28,232.55999755859372,220.40288
2025-08-29,232.13999938964844,221.84071
2025-09-02,229.72000122070312,222.407
2025-09-03,238.47000122070312,221.59256
2025-09-04,239.77999877929688,224.81981
2025-09-05,239.69000244140625,227.33571
2025-09-08,237.8800048828125,228.64896
2025-09-09,234.3500061035156,228.48083
2025-09-10,226.7899932861328,226.29329
2025-09-11,230.02999877929688,219.96695
2025-09-12,234.07000732421875,220.96173
2025-09-15,236.6999969482422,223.75803
2025-09-16,238.1499938964844,226.10461
2025-09-17,238.9900054931641,227.73651
2025-09-18,237.8800048828125,228.81845
2025-09-19,245.5,228.81412
2025-09-22,256.0799865722656,232.0331
2025-09-23,254.42999267578125,237.10129
2025-09-24,252.30999755859372,240.50658
2025-09-25,256.8699951171875,241.46701
2025-09-26,255.4600067138672,244.14018
2025-09-29,254.42999267578125,244.9016
2025-09-30,254.6300048828125,244.86974
2025-10-01,255.4499969482422,245.16139
2025-10-02,257.1300048828125,245.88472
2025-10-03,258.0199890136719,247.21294
2025-10-06,256.69000244140625,248.40442
2025-10-07,256.4800109863281,248.40466
2025-10-08,258.0599975585937,248.42809
2025-10-09,254.0399932861328,249.40788
2025-10-10,245.2700042724609,247.97942
2025-10-13,247.66000366210935,240.8251
2025-10-14,247.7700042724609,241.09386
2025-10-15,249.33999633789065,241.76297
2025-10-16,247.4499969482422,242.6556
2025-10-17,252.2899932861328,241.93484
2025-10-20,262.239990234375,243.79997
2025-10-21,262.7699890136719,248.55705
2025-10-22,258.45001220703125,251.80295
2025-10-23,259.5799865722656,251.12
2025-10-24,262.82000732421875,251.2754
2025-10-27,268.8099975585937,253.12587
2025-10-28,269.0,257.10547
2025-10-29,269.70001220703125,259.0939
2025-10-30,271.3999938964844,260.38947
2025-10-31,270.3699951171875,262.0247
2025-11-03,269.04998779296875,262.41403
2025-11-04,270.0400085449219,262.0716
2025-11-05,270.1400146484375,262.66028
2025-11-06,269.7699890136719,263.18613
2025-11-07,268.4700012207031,263.38138
2025-11-10,269.42999267578125,262.9599
2025-11-11,275.25,263.3949
2025-11-12,273.4700012207031,266.81317
2025-11-13,272.95001220703125,267.4484
2025-11-14,272.4100036621094,267.4244
2025-11-17,267.4599914550781,267.25607
2025-11-18,267.44000244140625,264.58932
2025-11-19,268.5599975585937,263.57092
2025-11-20,266.25,264.03732
2025-11-21,271.489990234375,262.88235
2025-11-24,275.9200134277344,265.09485
2025-11-25,276.9700012207031,268.3566
2025-11-26,277.54998779296875,270.22113
2025-11-28,278.8500061035156,271.2712
2025-12-01,283.1000061035156,272.4744
2025-12-02,286.19000244140625,275.4048
2025-12-03,284.1499938964844,278.48593
2025-12-04,280.70001220703125,278.77853
2025-12-05,278.7799987792969,277.32205
2025-12-08,277.8900146484375,275.93686
2025-12-09,277.17999267578125,275.2012
2025-12-10,278.7799987792969,274.67743
2025-12-11,278.0299987792969,275.4099
2025-12-12,278.2799987792969,275.27786
2025-12-15,274.1099853515625,275.2914
2025-12-16,274.6099853515625,272.8562
2025-12-17,271.8399963378906,272.1866
2025-12-18,272.19000244140625,270.4206
2025-12-19,273.6700134277344,269.81467
2025-12-22,270.9700012207031,270.49738
2025-12-23,272.3599853515625,269.05945
2025-12-24,273.8099975585937,269.0793
2025-12-26,273.3999938964844,269.89047
2025-12-29,273.760009765625,269.80795
2025-12-30,273.0799865722656,269.83722
2025-12-31,271.8599853515625,269.45654
2026-01-02,271.010009765625,268.54517
2026-01-05,267.260009765625,267.68738
2026-01-06,262.3599853515625,265.1722
2026-01-07,260.3299865722656,260.97733
2026-01-08,259.0400085449219,258.31125
2026-01-09,259.3699951171875,256.7218
2026-01-12,260.25,256.18246
2026-01-13,261.04998779296875,256.2774
2026-01-14,259.9599914550781,256.52673
2026-01-15,258.2099914550781,255.73236
2026-01-16,255.52999877929688,254.24516
