,test_actual,test_forecast
2025-01-17,104462.0390625,58612.580344361704
2025-01-18,104408.0703125,58680.14200093957
2025-01-19,101089.609375,58786.299193562096
2025-01-20,102016.6640625,58828.34396324299
2025-01-21,106146.265625,58913.783414980884
2025-01-22,103653.0703125,59029.45565087158
2025-01-23,103960.171875,58902.985474186746
2025-01-24,104819.484375,58983.745216131654
2025-01-25,104714.6484375,59051.30687270905
2025-01-26,102682.5,59157.46406533189
2025-01-27,102087.6875,59199.50883501266
2025-01-28,101332.4765625,59284.94828675052
2025-01-29,103703.2109375,59400.620522641526
2025-01-30,104735.3046875,59274.15034595651
2025-01-31,102405.0234375,59354.91008790136
2025-02-01,100655.90625,59422.471744478986
2025-02-02,97688.9765625,59528.628937101916
2025-02-03,101405.421875,59570.67370678258
2025-02-04,97871.8203125,59656.11315852031
2025-02-05,96615.4453125,59771.78539441152
2025-02-06,96593.296875,59645.31521772627
2025-02-07,96529.0859375,59726.07495967131
2025-02-08,96482.453125,59793.63661624872
2025-02-09,96500.09375,59899.79380887143
2025-02-10,97437.5546875,59941.83857855251
2025-02-11,95747.4296875,60027.27803028994
2025-02-12,97885.859375,60142.95026618134
2025-02-13,96623.8671875,60016.48008949606
2025-02-14,97508.96875,60097.23983144117
2025-02-15,97580.3515625,60164.80148801846
2025-02-16,96175.03125,60270.95868064153
2025-02-17,95773.3828125,60313.00345032243
2025-02-18,95539.546875,60398.442902060015
2025-02-19,96635.609375,60514.115137951034
2025-02-20,98333.9375,60387.6449612658
2025-02-21,96125.546875,60468.404703210756
2025-02-22,96577.7578125,60535.96635978862
2025-02-23,96273.921875,60642.12355241133
2025-02-24,91418.171875,60684.168322092104
2025-02-25,88736.171875,60769.60777382985
2025-02-26,84347.0234375,60885.28000972074
2025-02-27,84704.2265625,60758.809833036015
2025-02-28,84373.0078125,60839.56957498061
2025-03-01,86031.9140625,60907.13123155835
2025-03-02,94248.3515625,61013.28842418135
2025-03-03,86065.671875,61055.33319386218
2025-03-04,87222.1953125,61140.77264559943
2025-03-05,90623.5625,61256.4448814907
2025-03-06,89961.7265625,61129.97470480579
2025-03-07,86742.671875,61210.73444675055
2025-03-08,86154.59375,61278.296103328285
2025-03-09,80601.0390625,61384.453295951374
2025-03-10,78532.0,61426.49806563185
2025-03-11,82862.2109375,61511.93751736927
2025-03-12,83722.359375,61627.609753260396
2025-03-13,81066.703125,61501.139576575566
2025-03-14,83969.1015625,61581.899318520416
2025-03-15,84343.109375,61649.46097509798
2025-03-16,82579.6875,61755.618167720895
2025-03-17,84075.6875,61797.66293740202
2025-03-18,82718.5,61883.10238913934
2025-03-19,86854.2265625,61998.77462503021
2025-03-20,84167.1953125,61872.30444834577
2025-03-21,84043.2421875,61953.064190290366
2025-03-22,83832.484375,62020.625846867915
2025-03-23,86054.375,62126.78303949094
2025-03-24,87498.9140625,62168.8278091717
2025-03-25,87471.703125,62254.2672609092
2025-03-26,86900.8828125,62369.93949680032
2025-03-27,87177.1015625,62243.469320115524
2025-03-28,84353.1484375,62324.22906206011
2025-03-29,82597.5859375,62391.79071863764
2025-03-30,82334.5234375,62497.94791126071
2025-03-31,82548.9140625,62539.992680941505
2025-04-01,85169.171875,62625.43213267925
2025-04-02,82485.7109375,62741.10436857015
2025-04-03,83102.828125,62614.63419188529
2025-04-04,83843.8046875,62695.39393383008
2025-04-05,83504.796875,62762.95559040759
2025-04-06,78214.484375,62869.112783030556
2025-04-07,79235.3359375,62911.15755271144
2025-04-08,76271.953125,62996.59700444888
2025-04-09,82573.953125,63112.26924033985
2025-04-10,79626.140625,62985.79906365507
2025-04-11,83404.8359375,63066.55880559977
2025-04-12,85287.109375,63134.12046217734
2025-04-13,83684.9765625,63240.27765480033
2025-04-14,84542.390625,63282.32242448136
2025-04-15,83668.9921875,63367.761876218945
2025-04-16,84033.8671875,63483.434112110066
2025-04-17,84895.75,63356.963935424836
2025-04-18,84450.8046875,63437.72367736961
2025-04-19,85063.4140625,63505.28533394748
2025-04-20,85174.3046875,63611.442526570114
2025-04-21,87518.90625,63653.487296251034
2025-04-22,93441.890625,63738.926747988524
2025-04-23,93699.109375,63854.59898387977
2025-04-24,93943.796875,63728.12880719459
2025-04-25,94720.5,63808.88854913947
2025-04-26,94646.9296875,63876.450205717214
2025-04-27,93754.84375,63982.60739833996
2025-04-28,94978.75,64024.652168020686
2025-04-29,94284.7890625,64110.09161975837
2025-04-30,94207.3125,64225.76385564972
2025-05-01,96492.3359375,64099.293678964365
2025-05-02,96910.0703125,64180.05342090943
2025-05-03,95891.796875,64247.615077487084
2025-05-04,94315.9765625,64353.772270109985
2025-05-05,94748.0546875,64395.81703979062
2025-05-06,96802.4765625,64481.25649152821
2025-05-07,97032.3203125,64596.92872741942
2025-05-08,103241.4609375,64470.45855073458
2025-05-09,102970.8515625,64551.21829267938
2025-05-10,104696.328125,64618.77994925684
2025-05-11,104106.359375,64724.937141879505
2025-05-12,102812.953125,64766.98191156056
2025-05-13,104169.8125,64852.42136329827
2025-05-14,103539.4140625,64968.09359918924
2025-05-15,103744.640625,64841.623422504344
2025-05-16,103489.2890625,64922.38316444923
2025-05-17,103191.0859375,64989.94482102677
2025-05-18,106446.0078125,65096.10201364955
2025-05-19,105606.1796875,65138.14678333037
2025-05-20,106791.0859375,65223.58623506764
2025-05-21,109678.078125,65339.25847095895
2025-05-22,111673.28125,65212.788294274105
2025-05-23,107287.796875,65293.54803621909
2025-05-24,107791.15625,65361.10969279643
2025-05-25,109035.390625,65467.26688541931
2025-05-26,109440.3671875,65509.31165510003
2025-05-27,108994.640625,65594.75110683769
2025-05-28,107802.328125,65710.42334272878
2025-05-29,105641.7578125,65583.95316604387
2025-05-30,103998.5703125,65664.71290798868
2025-05-31,104638.09375,65732.27456456638
2025-06-01,105652.1015625,65838.43175718935
2025-06-02,105881.53125,65880.47652687022
2025-06-03,105432.46875,65965.91597860733
2025-06-04,104731.984375,66081.58821449887
2025-06-05,101575.953125,65955.11803781363
2025-06-06,104390.34375,66035.87777975864
2025-06-07,105615.625,66103.43943633614
2025-06-08,105793.6484375,66209.5966289591
2025-06-09,110294.1015625,66251.64139863988
2025-06-10,110257.234375,66337.08085037742
2025-06-11,108686.625,66452.75308626871
2025-06-12,105929.0546875,66326.2829095834
2025-06-13,106090.96875,66407.04265152848
2025-06-14,105472.40625,66474.60430810627
2025-06-15,105552.0234375,66580.76150072897
2025-06-16,106796.7578125,66622.80627040996
2025-06-17,104601.1171875,66708.24572214746
2025-06-18,104883.328125,66823.9179580384
2025-06-19,104684.2890625,66697.44778135317
2025-06-20,103309.6015625,66778.20752329829
2025-06-21,102257.40625,66845.769179876
2025-06-22,100987.140625,66951.92637249874
2025-06-23,105577.7734375,66993.97114217962
2025-06-24,106045.6328125,67079.4105939173
2025-06-25,107361.2578125,67195.08282980835
2025-06-26,106960.0,67068.61265312337
2025-06-27,107088.4296875,67149.37239506804
2025-06-28,107327.703125,67216.93405164575
2025-06-29,108385.5703125,67323.09124426878
2025-06-30,107135.3359375,67365.13601394955
2025-07-01,105698.28125,67450.57546568708
2025-07-02,108859.3203125,67566.24770157805
2025-07-03,109647.9765625,67439.77752489314
2025-07-04,108034.3359375,67520.53726683799
2025-07-05,108231.1796875,67588.09892341569
2025-07-06,109232.0703125,67694.25611603829
2025-07-07,108299.8515625,67736.3008857195
2025-07-08,108950.2734375,67821.74033745675
2025-07-09,111326.5546875,67937.41257334776
2025-07-10,115987.203125,67810.94239666291
2025-07-11,117516.9921875,67891.70213860784
2025-07-12,117435.2265625,67959.26379518515
2025-07-13,119116.1171875,68065.42098780841
2025-07-14,119849.703125,68107.46575748941
2025-07-15,117777.1875,68192.90520922678
2025-07-16,118738.5078125,68308.57744511757
2025-07-17,119289.84375,68182.10726843313
2025-07-18,118003.2265625,68262.86701037771
2025-07-19,117939.9765625,68330.42866695531
2025-07-20,117300.7890625,68436.58585957791
2025-07-21,117439.5390625,68478.63062925907
2025-07-22,119995.4140625,68564.07008099664
2025-07-23,118754.9609375,68679.74231688755
2025-07-24,118368.0,68553.2721402029
2025-07-25,117635.8828125,68634.03188214754
2025-07-26,117947.3671875,68701.59353872504
2025-07-27,119448.4921875,68807.75073134796
2025-07-28,117924.4765625,68849.79550102892
2025-07-29,117922.1484375,68935.23495276649
2025-07-30,117831.1875,69050.90718865763
2025-07-31,115758.203125,68924.43701197265
2025-08-01,113320.0859375,69005.1967539175
2025-08-02,112526.9140625,69072.758410495
2025-08-03,114217.671875,69178.91560311799
2025-08-04,115071.8828125,69220.96037279855
2025-08-05,114141.4453125,69306.39982453635
2025-08-06,115028.0,69422.07206042734
2025-08-07,117496.8984375,69295.60188374243
2025-08-08,116688.7265625,69376.36162568719
2025-08-09,116500.359375,69443.92328226494
2025-08-10,119306.7578125,69550.08047488751
2025-08-11,118731.4453125,69592.12524456873
2025-08-12,120172.90625,69677.5646963064
2025-08-13,123344.0625,69793.23693219743
2025-08-14,118359.578125,69666.76675551219
2025-08-15,117398.3515625,69747.52649745716
2025-08-16,117491.3515625,69815.0881540346
2025-08-17,117453.0625,69921.24534665755
2025-08-18,116252.3125,69963.2901163384
2025-08-19,112831.1796875,70048.72956807597
2025-08-20,114274.7421875,70164.40180396714
2025-08-21,112419.03125,70037.93162728194
2025-08-22,116874.0859375,70118.6913692269
2025-08-23,115374.328125,70186.25302580454
2025-08-24,113458.4296875,70292.41021842738
2025-08-25,110124.3515625,70334.45498810809
2025-08-26,111802.65625,70419.89443984583
2025-08-27,111222.0625,70535.56667573696
2025-08-28,112544.8046875,70409.09649905171
2025-08-29,108410.8359375,70489.85624099684
2025-08-30,108808.0703125,70557.4178975745
2025-08-31,108236.7109375,70663.57509019741
2025-09-01,109250.59375,70705.61985987826
2025-09-02,111200.5859375,70791.05931161546
2025-09-03,111723.2109375,70906.73154750679
2025-09-04,110723.6015625,70780.26137082194
2025-09-05,110650.984375,70861.02111276682
2025-09-06,110224.6953125,70928.58276934423
2025-09-07,111167.6171875,71034.73996196719
2025-09-08,112071.4296875,71076.78473164792
2025-09-09,111530.546875,71162.22418338525
2025-09-10,113955.359375,71277.8964192766
2025-09-11,115507.5390625,71151.42624259171
2025-09-12,116101.578125,71232.18598453642
2025-09-13,115950.5078125,71299.74764111439
2025-09-14,115407.65625,71405.90483373697
2025-09-15,115444.875,71447.94960341774
2025-09-16,116843.1875,71533.38905515509
2025-09-17,116468.5078125,71649.06129104631
2025-09-18,117137.203125,71522.59111436146
2025-09-19,115688.859375,71603.35085630637
2025-09-20,115721.9609375,71670.91251288382
2025-09-21,115306.09375,71777.06970550674
2025-09-22,112748.5078125,71819.11447518742
2025-09-23,112014.5,71904.55392692516
2025-09-24,113328.6328125,72020.22616281625
2025-09-25,109049.2890625,71893.75598613123
2025-09-26,109712.828125,71974.5157280761
2025-09-27,109681.9453125,72042.07738465378
2025-09-28,112122.640625,72148.23457727676
2025-09-29,114400.3828125,72190.2793469576
2025-09-30,114056.0859375,72275.71879869522
2025-10-01,118648.9296875,72391.39103458624
2025-10-02,120681.2578125,72264.920857901
2025-10-03,122266.53125,72345.68059984606
2025-10-04,122425.4296875,72413.24225642353
2025-10-05,123513.4765625,72519.3994490463
2025-10-06,124752.53125,72561.44421872741
2025-10-07,121451.3828125,72646.88367046484
2025-10-08,123354.8671875,72762.55590635605
2025-10-09,121705.5859375,72636.08572967122
2025-10-10,113214.3671875,72716.84547161592
2025-10-11,110807.8828125,72784.40712819326
2025-10-12,115169.765625,72890.56432081641
2025-10-13,115271.078125,72932.60909049735
2025-10-14,113118.6640625,73018.04854223492
2025-10-15,110783.1640625,73133.72077812576
2025-10-16,108186.0390625,73007.25060144097
2025-10-17,106467.7890625,73088.01034338561
2025-10-18,107198.265625,73155.5719999634
2025-10-19,108666.7109375,73261.72919258618
2025-10-20,110588.9296875,73303.773962267
2025-10-21,108476.890625,73389.21341400476
2025-10-22,107688.5859375,73504.88564989547
2025-10-23,110069.7265625,73378.41547321076
2025-10-24,111033.921875,73459.17521515545
2025-10-25,111641.7265625,73526.73687173316
2025-10-26,114472.4453125,73632.89406435595
2025-10-27,114119.328125,73674.93883403693
2025-10-28,112956.1640625,73760.37828577434
2025-10-29,110055.3046875,73876.05052166541
2025-10-30,108305.546875,73749.58034498052
2025-10-31,109556.1640625,73830.34008692541
2025-11-01,110064.015625,73897.9017435031
2025-11-02,110639.625,74004.0589361258
2025-11-03,106547.5234375,74046.10370580658
2025-11-04,101590.5234375,74131.54315754418
2025-11-05,103891.8359375,74247.21539343511
2025-11-06,101301.2890625,74120.74521675026
2025-11-07,103372.40625,74201.50495869527
2025-11-08,102282.1171875,74269.06661527276
2025-11-09,104719.640625,74375.22380789559
2025-11-10,105996.59375,74417.26857757677
2025-11-11,102997.46875,74502.70802931425
2025-11-12,101663.1875,74618.38026520534
2025-11-13,99697.4921875,74491.91008852048
2025-11-14,94397.7890625,74572.66983046522
2025-11-15,95549.1484375,74640.2314870427
2025-11-16,94177.078125,74746.38867966534
2025-11-17,92093.875,74788.43344934646
2025-11-18,92948.875,74873.87290108409
2025-11-19,91465.9921875,74989.54513697505
2025-11-20,86631.8984375,74863.07496029025
2025-11-21,85090.6875,74943.83470223498
2025-11-22,84648.359375,75011.39635881265
2025-11-23,86805.0078125,75117.55355143537
2025-11-24,88270.5625,75159.59832111627
2025-11-25,87341.890625,75245.03777285416
2025-11-26,90518.3671875,75360.71000874486
2025-11-27,91285.375,75234.23983206002
2025-11-28,90919.265625,75314.99957400492
2025-11-29,90851.7578125,75382.56123058233
2025-11-30,90394.3125,75488.71842320541
2025-12-01,86321.5703125,75530.7631928862
2025-12-02,91350.203125,75616.20264462379
2025-12-03,93527.8046875,75731.87488051468
2025-12-04,92141.625,75605.40470382979
2025-12-05,89387.7578125,75686.16444577463
2025-12-06,89272.375,75753.72610235206
2025-12-07,90405.640625,75859.88329497518
2025-12-08,90640.203125,75901.92806465612
2025-12-09,92691.7109375,75987.36751639338
2025-12-10,92020.9453125,76103.03975228479
2025-12-11,92511.3359375,75976.56957559957
2025-12-12,90270.4140625,76057.32931754449
2025-12-13,90298.7109375,76124.89097412219
2025-12-14,88175.1796875,76231.04816674495
2025-12-15,86419.78125,76273.09293642579
2025-12-16,87843.984375,76358.5323881632
2025-12-17,86143.7578125,76474.2046240545
2025-12-18,85462.5078125,76347.73444736932
2025-12-19,88103.3828125,76428.49418931434
2025-12-20,88344.0,76496.05584589195
2025-12-21,88621.75,76602.21303851482
2025-12-22,88490.015625,76644.25780819546
2025-12-23,87414.0,76729.69725993327
2025-12-24,87611.9609375,76845.36949582443
2025-12-25,87234.7421875,76718.89931913909
2025-12-26,87301.4296875,76799.65906108402
2025-12-27,87802.15625,76867.22071766188
2025-12-28,87835.8359375,76973.37791028486
2025-12-29,87138.140625,77015.42267996538
2025-12-30,88430.1328125,77100.8621317031
2025-12-31,87508.828125,77216.53436759413
2026-01-01,88731.984375,77090.0641909093
2026-01-02,89944.6953125,77170.82393285388
2026-01-03,90603.1875,77238.38558943162
2026-01-04,91413.4921875,77344.54278205437
2026-01-05,93882.5546875,77386.5875517357
2026-01-06,93729.03125,77472.0270034727
2026-01-07,91308.0546875,77587.69923936398
2026-01-08,91027.125,77461.22906267908
2026-01-09,90513.1015625,77541.98880462382
2026-01-10,90386.6484375,77609.55046120156
2026-01-11,90827.4609375,77715.70765382439
2026-01-12,91192.9921875,77757.75242350539
2026-01-13,95321.78125,77843.19187524254
2026-01-14,96929.328125,77958.86411113368
2026-01-15,95551.1875,77832.39393444882
2026-01-16,95525.1171875,77913.15367639357
